{
  "rows": 17047,
  "sample_count": 1024,
  "sample_rate_hz": 100000000,
  "baseline_samples": 160,
  "mean_baseline_v": 1.39965096497945,
  "template_peak_idx": 388,
  "template_peak_time_us": 3.8800000000000003,
  "gate_start": 228,
  "gate_end": 548,
  "gate_start_us": 2.2800000000000002,
  "gate_end_us": 5.48,
  "template_gate": [
    0.6603126649844815,
    0.7929166422239735,
    0.8986889188713767,
    1.0151434269960449,
    1.096700299172583,
    1.1868451927018309,
    1.2420044582616865,
    1.2981609667385365,
    1.3374464715196175,
    1.346533114330681,
    1.338508241919072,
    1.3024960403585029,
    1.2528333431093173,
    1.205704816095896,
    1.1080395377483603,
    1.0137179562386303,
    0.9140875227311969,
    0.7788144541555617,
    0.6236258579217786,
    0.5095471343928506,
    0.33294127999032397,
    0.18074441250643147,
    -0.027069279052398976,
    -0.20127588432004817,
    -0.35220566668643016,
    -0.5107614242979374,
    -0.7205168064763956,
    -0.8806681527544181,
    -0.9937144365580499,
    -1.1606880976127805,
    -1.2753651668918253,
    -1.3538188537575282,
    -1.3938610899281214,
    -1.39965096497945,
    -1.39965096497945,
    -1.39965096497945,
    -1.39965096497945,
    -1.39965096497945,
    -1.39965096497945,
    -1.3942717193643859,
    -1.355936528421692,
    -1.283982518918562,
    -1.154904088696229,
    -1.033322578753096,
    -0.8411186719072885,
    -0.6816653956710448,
    -0.5302135273072717,
    -0.32948026045654055,
    -0.12522731272397514,
    0.01941983926756241,
    0.25034023581831355,
    0.4382442658529784,
    0.6134481140372579,
    0.7871326333075146,
    0.9308118730565833,
    1.096365929488576,
    1.239839854519265,
    1.324230069806493,
    1.428981638997945,
    1.5006247433567852,
    1.5591570364287226,
    1.5848213761950496,
    1.5886167654130356,
    1.5691353317299348,
    1.5275913650496453,
    1.4655217926910407,
    1.3778641403178482,
    1.2804393734958963,
    1.1701208423763583,
    1.0182055493635533,
    0.8803337830699753,
    0.6973690385399842,
    0.5305713615295107,
    0.32313896873318404,
    0.11445708922385722,
    -0.08148941162694867,
    -0.25245791048304644,
    -0.4211151522265154,
    -0.6418988678361731,
    -0.8123980759079501,
    -0.9428961107528574,
    -1.0933390039305917,
    -1.2258197923391099,
    -1.299287264621631,
    -1.3697982049630224,
    -1.3957617176045451,
    -1.3996099020358235,
    -1.39965096497945,
    -1.39965096497945,
    -1.3901419604625265,
    -1.358564556813785,
    -1.3054701707047907,
    -1.194242388690418,
    -1.0629113627033866,
    -0.929163489177244,
    -0.7930398310555289,
    -0.6125036663346448,
    -0.42846541913568204,
    -0.26725230245811815,
    -0.08588314659497653,
    0.11394673549551682,
    0.3043380066870196,
    0.4621487651786187,
    0.6435531178504137,
    0.7561946383524418,
    0.9328884847773509,
    1.0642312430338583,
    1.142086584149125,
    1.2426145362813479,
    1.308790403002798,
    1.3597788467176497,
    1.3783803601805609,
    1.3742388690090666,
    1.3580424708157173,
    1.299345925968789,
    1.2351762773503285,
    1.1532205080067746,
    1.035322930720985,
    0.8951223089105365,
    0.7661260045750979,
    0.5963835278932104,
    0.46341585029609655,
    0.24069044406591922,
    0.05844723411709851,
    -0.10481902974152746,
    -0.27226784771536416,
    -0.4740570188306732,
    -0.6647298644924734,
    -0.8314278172114195,
    -0.9664075790464122,
    -1.1107379597585956,
    -1.2353522613952514,
    -1.3126092567609993,
    -1.35731507010058,
    -1.38170059247989,
    -1.3996392327098424,
    -1.39965096497945,
    -1.3964715199158024,
    -1.3758109931368956,
    -1.3200475156921914,
    -1.2502991728752861,
    -1.1214319235058532,
    -0.9765149293134261,
    -0.8671643104361686,
    -0.693896286736864,
    -0.5000087992025315,
    -0.30364580278068165,
    -0.1637208893062685,
    0.08075614477580273,
    0.27825130521464736,
    0.4458702410979447,
    0.6496304335069274,
    0.8429371736959976,
    0.9666715551125167,
    1.134965096497627,
    1.2589517217099178,
    1.398624391388585,
    1.4908986918522151,
    1.5503226374141956,
    1.5978617938637156,
    1.6222531823776136,
    1.6172787000640247,
    1.5911509356481965,
    1.523643456326667,
    1.4456707925147994,
    1.3442335894876405,
    1.2181234234754217,
    1.0760925676070041,
    0.9140405936526639,
    0.7356045051910107,
    0.544521030092898,
    0.36417844782046926,
    0.14059071977465387,
    -0.07126473866398819,
    -0.26034786179412883,
    -0.4479057898753902,
    -0.67246143016395,
    -0.8455124068753874,
    -1.0590807766765193,
    -1.2219305449642204,
    -1.3205226726112844,
    -1.3761101660118884,
    -1.39965096497945,
    -1.39965096497945,
    -1.39965096497945,
    -1.39965096497945,
    -1.39965096497945,
    -1.39965096497945,
    -1.39965096497945,
    -1.3996333665750387,
    -1.3845046049160963,
    -1.3323957294541324,
    -1.1938845544673664,
    -1.0502287792575997,
    -0.8442746524317323,
    -0.6463395318826778,
    -0.5031354490529654,
    -0.26221329266171733,
    -0.05679885023787068,
    0.1429958350439824,
    0.3455886666272576,
    0.5257376664512017,
    0.6916612893761362,
    0.8888690092097242,
    1.035252537103137,
    1.193209948964105,
    1.3095705989317503,
    1.422927787880286,
    1.5081216636357415,
    1.5659558866662078,
    1.5927817211236541,
    1.6010588373317338,
    1.5823224027685892,
    1.5352408048335406,
    1.4787499266735105,
    1.3847568487121569,
    1.266906200503826,
    1.1741274124474534,
    1.0001613187069882,
    0.8461048864900276,
    0.6937437672312043,
    0.5291986859854267,
    0.32684049979440344,
    0.12032909016244853,
    -0.08527306857538086,
    -0.2248518800965278,
    -0.42138499442749144,
    -0.6093359535404484,
    -0.7711532821025782,
    -0.906672728339555,
    -1.0491904733973572,
    -1.1638030151935692,
    -1.2390127295128295,
    -1.3125564615477656,
    -1.3517011790933635,
    -1.3534199565908707,
    -1.3535314131521425,
    -1.3524168475394245,
    -1.3294333313782216,
    -1.2610459318358036,
    -1.1668768698307634,
    -1.0952103009330068,
    -0.9649938405587725,
    -0.8518185017894744,
    -0.6920249897344379,
    -0.5216372382240987,
    -0.3507860620638943,
    -0.22757963278025506,
    -0.0183170059249258,
    0.15062181028897226,
    0.2977327388979689,
    0.46832580512702915,
    0.6310641168531306,
    0.7553675133451057,
    0.8853258637882604,
    0.9752947732741117,
    1.08889247374873,
    1.1639320701583826,
    1.2100926849293745,
    1.2485217340287647,
    1.272678477150753,
    1.2604945151632911,
    1.2283128996299895,
    1.1883586554813892,
    1.1200475156915646,
    1.0270810113216204,
    0.9351528128115247,
    0.8129670909835625,
    0.7055288320523783,
    0.55003519680882,
    0.41007508652533264,
    0.23454273479159404,
    0.08654601982718058,
    -0.09316301988642972,
    -0.2445151639587284,
    -0.437640053968809,
    -0.6026720244034168,
    -0.7153311433098088,
    -0.8608816800612543,
    -0.992494280518851,
    -1.1092772921924652,
    -1.174737490467846,
    -1.2633395905440714,
    -1.3060626503199775,
    -1.3344664750398667,
    -1.3461342171645774,
    -1.3339678535815476,
    -1.3139291370918393,
    -1.268871355664038,
    -1.2063207602513513,
    -1.0934680588962504,
    -0.988323458673332,
    -0.8822637414210117,
    -0.7645421481787599,
    -0.5925822725410343,
    -0.43051270018220256,
    -0.31087288085898446,
    -0.11011614946944137,
    0.06462427406553628,
    0.22853581275274282,
    0.4026016307852698,
    0.5595852642689192,
    0.7160644101595981,
    0.8592039655070391,
    0.9946236874525578,
    1.1009884437142565,
    1.2164222443826032,
    1.303575409162209,
    1.3672288379184856,
    1.4105795741188016,
    1.4452366985393947,
    1.46302281926461,
    1.4474364990908715,
    1.4150964979174754,
