{
  "model_type": "one_class_robust_feature_model",
  "dataset": "BB8100017587.csv",
  "csv_columns": {
    "sample_count": 1024,
    "non_sample_columns": [
      "timestamp",
      "serial",
      "sq",
      "sq_age_ms",
      "label",
      "n_samples"
    ]
  },
  "train_rows": 11932,
  "validation_rows": 5115,
  "total_rows": 17047,
  "train_fraction": 0.7,
  "split_mode": "temporal",
  "profile": {
    "sample_count": 1024,
    "sample_rate_hz": 100000000,
    "baseline_samples": 160,
    "template_rows": 11932,
    "template_peak_idx": 388,
    "template_peak_time_us": 3.8800000000000003,
    "gate_start": 228,
    "gate_end": 548,
    "gate_start_us": 2.2800000000000002,
    "gate_end_us": 5.48,
    "mean_baseline_v": 1.3997234327855614,
    "template_gate": [
      0.6559755279920898,
      0.789347971840622,
      0.8940244720083408,
      1.0120264834063364,
      1.0925243043917896,
      1.1840596714717986,
      1.2385350318474262,
      1.293043915521627,
      1.3372779081463713,
      1.3453570231313097,
      1.3366661079453128,
      1.3018940663765246,
      1.2477874622864489,
      1.205581629232412,
      1.1112051625882957,
      1.0077438819982727,
      0.9137194099901049,
      0.7846379483742516,
      0.6154793831714702,
      0.5120181025814816,
      0.3347301374457783,
      0.18567717063395106,
      -0.017750586657607537,
      -0.20824673147802986,
      -0.34887696949353497,
      -0.5054642976867243,
      -0.7124203821653492,
      -0.8880992289639046,
      -0.9886188400936238,
      -1.1521203486420946,
      -1.2779835735834195,
      -1.3489356352662805,
      -1.3942423734493228,
      -1.3997234327855614,
      -1.3997234327855614,
      -1.3997234327855614,
      -1.3997234327855614,
      -1.3997234327855614,
      -1.3997234327855614,
      -1.3935467650014515,
      -1.3482148843443889,
      -1.2849564197114747,
      -1.1555229634593756,
      -1.036749916191467,
      -0.8472762319809806,
      -0.6726952732146382,
      -0.5326181696277553,
      -0.33871940998963224,
      -0.11370264834041843,
      0.015839758632397283,
      0.24173650687248727,
      0.4467230975529024,
      0.6068471337581198,
      0.7922225947035852,
      0.9281009051292495,
      1.0873281930942267,
      1.2456252095207176,
      1.3196027489105324,
      1.425980556486874,
      1.4973097552802548,
      1.555816292323609,
      1.583598726114936,
      1.5847385182704636,
      1.5688568555150249,
      1.523323835065706,
      1.4661498491454328,
      1.3729383171307603,
      1.2783439490446837,
      1.1706922561181043,
      1.0174404961450771,
      0.8823751257125099,
      0.697661749916271,
      0.5327690244721708,
      0.3230975527994495,
      0.12197452229331507,
      -0.09161079450206322,
      -0.2530925243040858,
      -0.4196446530336553,
      -0.6333640630235438,
      -0.823105933623594,
      -0.9410995641968559,
      -1.086640965470775,
      -1.2340596714714513,
      -1.2990697284610553,
      -1.368597049949489,
      -1.396404626214995,
      -1.3997234327855614,
      -1.3997234327855614,
      -1.3997234327855614,
      -1.3914347971838184,
      -1.3547603084141189,
      -1.3079701642639272,
      -1.1930522963457635,
      -1.0663761314110658,
      -0.9220750921888476,
      -0.7936808581962401,
      -0.6195021790142455,
      -0.417968488099033,
      -0.2731729802209759,
      -0.08051458263484301,
      0.10483573583660344,
      0.3149011062691034,
      0.45349480388905916,
      0.6517264498829616,
      0.7524639624542022,
      0.9260056989609922,
      1.0694099899432632,
      1.1382081796849763,
      1.2400100569895334,
      1.3059671471672671,
      1.3575343613815387,
      1.3770784445194577,
      1.372334897754425,
      1.35564029500537,
      1.2992457257794343,
      1.2304391552130745,
      1.153167951726659,
      1.040814616158531,
      0.8875628561852231,
      0.770675494468855,
      0.5895742541068485,
      0.4680020113981951,
      0.24890211196799172,
      0.05010056989620426,
      -0.10144988266828392,
      -0.2662587998656112,
      -0.4708514917866239,
      -0.654710023466083,
      -0.8362805900097865,
      -0.9624371438146945,
      -1.1035367080118443,
      -1.2407978545086609,
      -1.3084813945689933,
      -1.3562018102579008,
      -1.3769527321486192,
      -1.3997066711362152,
      -1.3997234327855614,
      -1.39556654374768,
      -1.3811012403618277,
      -1.3155464297684552,
      -1.2502933288633495,
      -1.1266761649343815,
      -0.9671304056317109,
      -0.8686221924235504,
      -0.6947703654036989,
      -0.5082215890041494,
      -0.29201307408611177,
      -0.1691166610791588,
      0.07064197117018067,
      0.2879148508215794,
      0.44218069058016063,
      0.6381662755617175,
      0.848952396916105,
      0.9597301374459852,
      1.129257458934346,
      1.2514917867921072,
      1.3879818974189697,
      1.4901776734834744,
      1.544334562521327,
      1.592038216560756,
      1.6171555481060214,
      1.6106771706336898,
      1.5857274555818313,
      1.521211867247969,
      1.43706000670505,
      1.3433372443851384,
      1.2095792826013847,
      1.0798860207846355,
      0.9032769024475176,
      0.741418035534783,
      0.5345038551794616,
      0.36572242708706404,
      0.15139959772075895,
      -0.07900603419363494,
      -0.25677170633560853,
      -0.4394569225609807,
      -0.6662168957423388,
      -0.836892390210992,
      -1.042851156553562,
      -1.2243127723765754,
      -1.3171555481056973,
      -1.3697536037543836,
      -1.3997234327855614,
      -1.3997234327855614,
      -1.3997234327855614,
      -1.3997234327855614,
      -1.3997234327855614,
      -1.3997234327855614,
      -1.3997234327855614,
      -1.3997066711362152,
      -1.380724103251536,
      -1.3366912504188118,
      -1.1911330874955983,
      -1.0500670465971158,
      -0.8500335232984426,
      -0.634302715386956,
      -0.5057408649009325,
      -0.27049111632561895,
      -0.0473181361045143,
      0.13426919208877308,
      0.34886858866937365,
      0.520583305397404,
      0.6828695943683729,
      0.8815957090180837,
      1.0250167616495678,
      1.1831126382837631,
      1.2988183037211707,
      1.413007039892904,
      1.49534864230659,
      1.55845625209562,
      1.5813359034532106,
      1.5916694602751509,
      1.5737512571240053,
      1.5219996647671952,
      1.4701391216898858,
      1.3801290647000042,
      1.251055983908934,
      1.1689155212874565,
      0.9986171639290866,
      0.8324673147840005,
      0.68955749245732,
      0.5276231981228725,
      0.32666778411022857,
      0.12884679852531877,
      -0.09586825343600869,
      -0.22120348642277232,
      -0.4171723097550739,
      -0.598524974857289,
      -0.7733405967144474,
      -0.8996480053634763,
      -1.0385936976196026,
      -1.1623617163926705,
      -1.229073080790938,
      -1.3108950720748578,
      -1.347929936305502,
      -1.3493630573246105,
      -1.349346295675264,
      -1.3483489775391593,
      -1.3295591686219599,
      -1.258858531679295,
      -1.15298357358342,
      -1.0887529332884,
      -0.9567800871603522,
      -0.847837747234127,
      -0.6871773382498219,
      -0.5242624874285754,
      -0.3372443848471445,
      -0.22702815957059275,
      -0.02293831713022776,
      0.16159068052329895,
      0.29782098558525805,
      0.46054307743919476,
      0.6373449547438121,
      0.7476617499164493,
      0.8851743211535008,
      0.9677589674828546,
      1.0775980556489362,
      1.1605430774389052,
      1.2012990278246,
      1.238928930606959,
      1.2635266510224712,
      1.2532936640966743,
      1.2188149513915745,
      1.180321823667645,
      1.1146664431782125,
      1.0129986590684408,
      0.9301877304729249,
      0.8008632249416441,
      0.6993211532018497,
      0.5430271538723244,
      0.4059084813947573,
      0.23012906470012595,
      0.08485584981578587,
