{
  "model_type": "one_class_robust_feature_model",
  "dataset": "BB8100017587.csv",
  "csv_columns": {
    "sample_count": 1024,
    "non_sample_columns": [
      "timestamp",
      "serial",
      "sq",
      "sq_age_ms",
      "label",
      "n_samples"
    ]
  },
  "train_rows": 11919,
  "validation_rows": 5128,
  "total_rows": 17047,
  "train_fraction": 0.7,
  "split_mode": "interleaved",
  "label_filter": [
    "good"
  ],
  "profile": {
    "sample_count": 1024,
    "sample_rate_hz": 100000000,
    "baseline_samples": 160,
    "template_rows": 11919,
    "template_peak_idx": 388,
    "template_peak_time_us": 3.8800000000000003,
    "gate_start": 228,
    "gate_end": 548,
    "gate_start_us": 2.2800000000000002,
    "gate_end_us": 5.48,
    "mean_baseline_v": 1.399651816427326,
    "template_gate": [
      0.6600763486870831,
      0.792864334256344,
      0.8988044299020117,
      1.0149299437874786,
      1.0970173672289876,
      1.18704169812927,
      1.2419372430575424,
      1.2982842520348596,
      1.3373059820456425,
      1.3463755348605424,
      1.3383379478147115,
      1.3024540649386391,
      1.2525673294741961,
      1.2053737729677698,
      1.1077313533017612,
      1.014082557261762,
      0.9139902676400096,
      0.7786936823559805,
      0.6236890678749665,
      0.509442906284217,
      0.3327754006211152,
      0.18031294571727363,
      -0.02730514304885534,
      -0.20157311854995696,
      -0.3522569007464451,
      -0.5107014011240955,
      -0.7209623290541749,
      -0.8804975249599302,
      -0.994064099336956,
      -1.160529406829229,
      -1.2750440473191806,
      -1.3534986156554452,
      -1.3937956204377295,
      -1.399651816427326,
      -1.399651816427326,
      -1.399651816427326,
      -1.399651816427326,
      -1.399651816427326,
      -1.399651816427326,
      -1.3941563889585786,
      -1.355755516402152,
      -1.2831487540898752,
      -1.1549836395668647,
      -1.0327921805518037,
      -0.8411737561873401,
      -0.6812358419327914,
      -0.5299983220067496,
      -0.32963755348570967,
      -0.12570265961886218,
      0.01938501552159022,
      0.25050339793632137,
      0.4390510948906805,
      0.6133274603575678,
      0.7873856867189024,
      0.9304262102528049,
      1.0965559191207876,
      1.2395461028611197,
      1.3239994966022233,
      1.4286475375453624,
      1.5005075929193656,
      1.5590947227120544,
      1.5846337780018034,
      1.5884596023158746,
      1.569045221915032,
      1.5272548032556406,
      1.4655717761560474,
      1.377661716587358,
      1.2807324439972476,
      1.1697583689910183,
      1.0184033895465008,
      0.8797424280562598,
      0.6975794949241745,
      0.5299815420758023,
      0.32340380904462296,
      0.11492994378744603,
      -0.0822174679082186,
      -0.25177867270713916,
      -0.4216251363367459,
      -0.6415932544674271,
      -0.8127317727994754,
      -0.9425497105459291,
      -1.0927888245655821,
      -1.2258033392060896,
      -1.2995007970465022,
      -1.3698590485776734,
      -1.3958092121820034,
      -1.399601476633719,
      -1.399651816427326,
      -1.399651816427326,
      -1.3899530161924072,
      -1.358348015772905,
      -1.3054325027265017,
      -1.194198338786597,
      -1.06271918785107,
      -0.9289327963752854,
      -0.7934180719856577,
      -0.6123710042787228,
      -0.42907542579059443,
      -0.2676692675556722,
      -0.08592583270390874,
      0.1138308582937615,
      0.3040229885059551,
      0.46253460860846896,
      0.6437243057306457,
      0.7566532427219872,
      0.9330774393827983,
      1.0640448024164952,
      1.14207148250694,
      1.2423567413373886,
      1.30899823810737,
      1.3594722711641054,
      1.3783077439387508,
      1.3740036915853426,
      1.357752328215833,
      1.2991148586291297,
      1.2349735716085168,
      1.152751908717253,
      1.0349232318150567,
      0.8949450457254631,
      0.7658150851582903,
      0.5957924322512507,
      0.4630715664068208,
      0.24077103783893383,
      0.05800402718365416,
      -0.10484520513444995,
      -0.2726025673291468,
      -0.4732569846461919,
      -0.6647411695609745,
      -0.8316259753332429,
      -0.9659073747795094,
      -1.1107014011240222,
      -1.2355860390970186,
      -1.3124632939002594,
      -1.357349609866369,
      -1.3817308499032894,
      -1.399651816427326,
      -1.399651816427326,
      -1.3964887993956958,
      -1.3754551556336354,
      -1.3200478228036903,
      -1.2502097491398114,
      -1.1211720781942331,
      -0.9767388203706178,
      -0.8665701820620694,
      -0.6941144391305525,
      -0.49944206728732055,
      -0.303997818608603,
      -0.16349106468637498,
      0.08028777582040325,
      0.27898733115220864,
      0.4457043376124634,
      0.6502349190370034,
      0.8430531084824306,
      0.9669896803427267,
      1.1346883127782943,
      1.2589856531591346,
      1.3983010319661113,
      1.4911192214116216,
      1.5500083899658248,
      1.5977892440642771,
      1.6216754761305794,
      1.6174049836395998,
      1.5906661632688956,
      1.523512878597401,
      1.4450331403644776,
      1.3444458427722716,
      1.2177741421259924,
      1.0755977850493406,
      0.9131932209080886,
      0.7359384176525909,
      0.5435145565904471,
      0.3650432083231143,
      0.1413247755686644,
      -0.07175518080357168,
      -0.25997566909945236,
      -0.44772631932189044,
      -0.6716041614226815,
      -0.8458637469584063,
      -1.058801073915347,
      -1.2218348854767402,
      -1.3201401124253016,
      -1.376134742847328,
      -1.399651816427326,
      -1.399651816427326,
      -1.399651816427326,
      -1.399651816427326,
      -1.399651816427326,
      -1.399651816427326,
      -1.399651816427326,
      -1.3996350364961236,
      -1.384449198758059,
      -1.332305562546962,
      -1.1939718097153746,
      -1.0495721117541104,
      -0.8436571860052912,
      -0.646795033140129,
      -0.5027561036997453,
      -0.2618466314285224,
      -0.056023995301451635,
      0.14296081886095258,
      0.34604832620206305,
      0.5257781693096437,
      0.6921260172835753,
      0.8883589227287987,
      1.0352756103703433,
      1.1929398439469316,
      1.3095771457339687,
      1.422892021143069,
      1.5075635539896501,
      1.5656305059152749,
      1.5925622954947503,
      1.6006250524374257,
      1.5821335682525384,
      1.53473865257156,
      1.478534273009782,
      1.3845163184831681,
      1.267241379310568,
      1.1734835137179858,
      0.9998196157398611,
      0.8460902760301512,
      0.6936278211259845,
      0.5286978773388273,
      0.3268520849067351,
      0.12007299270096361,
      -0.08539726487105637,
      -0.2254006208571646,
      -0.4208868193638259,
      -0.6090905277286227,
      -0.7714028022482666,
      -0.9064141287018417,
      -1.0498070307909249,
      -1.163407165030407,
      -1.2391266045807048,
      -1.312513633693866,
      -1.3516528232231932,
      -1.3532888665154157,
      -1.3533895461026295,
      -1.3522652907120765,
      -1.329268394999347,
      -1.2609237352124667,
      -1.166855440892486,
      -1.0945507173418498,
      -0.9651942277034654,
      -0.8513843443240113,
      -0.692008557764672,
      -0.5214237771623257,
      -0.3515185837735224,
      -0.22733870291106317,
      -0.018118130715535363,
      0.15107391559725558,
      0.29723550633461016,
      0.4682985149764636,
      0.6304597701152141,
      0.7553779679505814,
      0.8842478395841773,
      0.9750776071822778,
      1.0886441815590338,
      1.1637847134827515,
      1.2097197751492395,
      1.2485904857792265,
      1.2727200268479935,
      1.2604538971392476,
      1.2277833710885389,
      1.188233073244492,
      1.1195444248681234,
      1.0271876835308789,
      0.9350742511958245,
      0.8131009312865498,
      0.7051052940686928,
      0.550083899656328,
      0.40945968621554973,
      0.23464636295019003,
