{
  "distance_thresholds": {
    "suspect": 1.7270284007643744,
    "anomaly": 2.225852801196779
  },
  "global_distance_quantiles": {
    "p01": 0.14546627037021342,
    "p05": 0.22359646521338905,
    "p50": 0.475925449878955,
    "p95": 1.1592387151307355,
    "p99": 1.511375307093277,
    "p995": 1.7270284007643744,
    "p999": 2.225852801196779
  },
  "clusters": [
    {
      "cluster": 0,
      "count": 8427,
      "distance_quantiles": {
        "p01": 0.14658792962538042,
        "p05": 0.21701614671977376,
        "p50": 0.4848279162155391,
        "p95": 1.182606108924404,
        "p99": 1.5338948501104666,
        "p995": 1.7334606620878161,
        "p999": 2.0622220028701133
      },
      "center": {
        "baseline_v": 1.4,
        "noise_rms_v": 0.25670047525560175,
        "gate_rms_v": 1.0954746896377512,
        "peak_abs_gate_v": 1.708176100628931,
        "snr_db": 12.603683767971612,
        "template_corr": 0.9969653430565089,
        "low_clip_ratio": 0.058707549023971135,
        "ptp_v": 3.108176100628931
      },
      "sq_counts": {
        "100": 1026,
        "95": 2,
        "96": 28,
        "97": 279,
        "98": 1345,
        "99": 5747
      }
    },
    {
      "cluster": 1,
      "count": 23,
      "distance_quantiles": {
        "p01": 0.7657546237208814,
        "p05": 0.7937302061201698,
        "p50": 1.8272536949255067,
        "p95": 2.9049296851365525,
        "p99": 3.8278067450563533,
        "p995": 3.9563628692283537,
        "p999": 4.0592077685659556
      },
      "center": {
        "baseline_v": 1.4,
        "noise_rms_v": 0.2548770065141339,
        "gate_rms_v": 1.0740749530027713,
        "peak_abs_gate_v": 1.6695652173913045,
        "snr_db": 12.491945398268928,
        "template_corr": 0.9897295397904391,
        "low_clip_ratio": 0.05192764945652174,
        "ptp_v": 3.0695652173913044
      },
      "sq_counts": {
        "100": 3,
        "97": 1,
        "98": 3,
        "99": 16
      }
    },
    {
      "cluster": 2,
      "count": 3629,
      "distance_quantiles": {
        "p01": 0.2940286541538145,
        "p05": 0.3225507436416918,
        "p50": 0.5100394295876374,
        "p95": 1.0288727700397122,
        "p99": 1.3204527255936716,
        "p995": 1.585335424987121,
        "p999": 2.250267735156022
      },
      "center": {
        "baseline_v": 1.3999724441995038,
        "noise_rms_v": 0.24247506206831695,
        "gate_rms_v": 1.0051152286264922,
        "peak_abs_gate_v": 1.571534858087625,
        "snr_db": 12.351157508512761,
        "template_corr": 0.997192514545935,
        "low_clip_ratio": 0.030455617938825966,
        "ptp_v": 2.971507302287129
      },
      "sq_counts": {
        "100": 348,
        "96": 15,
        "97": 199,
        "98": 761,
        "99": 2306
      }
    },
    {
      "cluster": 3,
      "count": 4968,
      "distance_quantiles": {
        "p01": 0.13175827863919065,
        "p05": 0.19490962913984564,
        "p50": 0.4425926611619907,
        "p95": 1.1773519169900526,
        "p99": 1.4592057731473485,
        "p995": 1.5862402343329398,
        "p999": 1.9916903898952936
      },
      "center": {
        "baseline_v": 1.4,
        "noise_rms_v": 0.24083826026335045,
        "gate_rms_v": 1.0107594855476036,
        "peak_abs_gate_v": 1.6044283413848612,
        "snr_db": 12.458410110862976,
        "template_corr": 0.9967719883003274,
        "low_clip_ratio": 0.031702308839069916,
        "ptp_v": 3.004428341384861
      },
      "sq_counts": {
        "100": 676,
        "95": 1,
        "96": 11,
        "97": 121,
        "98": 568,
        "99": 3591
      }
    }
  ],
  "outliers": [
    {
      "row": 10080,
      "cluster": 1,
      "distance": 4.084918993400354,
      "metadata": {
        "timestamp": "2026-05-21T23:28:55.103Z",
        "sq": "100",
        "sq_age_ms": "931",
        "label": "good"
      },
      "features": {
        "baseline_v": 1.4,
        "noise_rms_v": 0.2570262632494975,
        "gate_rms_v": 1.1031064091917875,
        "peak_abs_gate_v": 1.7000000000000002,
        "snr_db": 12.652798111551204,
        "template_corr": 0.9818583247389022,
        "low_clip_ratio": 0.05859375,
        "ptp_v": 3.1
      }
    },
    {
      "row": 14267,
      "cluster": 2,
      "distance": 4.068573564395568,
      "metadata": {
        "timestamp": "2026-05-22T02:09:05.696Z",
        "sq": "99",
        "sq_age_ms": "1063",
        "label": "good"
      },
      "features": {
        "baseline_v": 1.4,
        "noise_rms_v": 0.2638654960391752,
        "gate_rms_v": 1.0077977227598798,
        "peak_abs_gate_v": 1.6,
        "snr_db": 11.639815371787396,
        "template_corr": 0.9971941077175348,
        "low_clip_ratio": 0.0341796875,
        "ptp_v": 3.0
      }
    },
    {
      "row": 1006,
      "cluster": 2,
      "distance": 3.042660145298378,
      "metadata": {
        "timestamp": "2026-05-21T18:24:44.713Z",
        "sq": "98",
        "sq_age_ms": "989",
        "label": "good"
      },
      "features": {
        "baseline_v": 1.3,
        "noise_rms_v": 0.24799193535274486,
        "gate_rms_v": 0.9984049779523329,
        "peak_abs_gate_v": 1.5999999999999999,
        "snr_db": 12.097383596141011,
        "template_corr": 0.9936982064525183,
        "low_clip_ratio": 0.0341796875,
        "ptp_v": 2.9
      }
    },
    {
      "row": 2151,
      "cluster": 1,
      "distance": 2.9162269554730718,
      "metadata": {
        "timestamp": "2026-05-21T19:03:01.660Z",
        "sq": "98",
        "sq_age_ms": "1073",
        "label": "good"
      },
      "features": {
        "baseline_v": 1.4,
        "noise_rms_v": 0.2435415775591511,
        "gate_rms_v": 1.0038830858222483,
        "peak_abs_gate_v": 1.5,
        "snr_db": 12.302200441756623,
        "template_corr": 0.9895520995304381,
        "low_clip_ratio": 0.0283203125,
        "ptp_v": 2.9
      }
    },
    {
      "row": 3517,
      "cluster": 1,
      "distance": 2.803254252107877,
      "metadata": {
        "timestamp": "2026-05-21T19:48:41.599Z",
        "sq": "99",
        "sq_age_ms": "1003",
        "label": "good"
      },
      "features": {
        "baseline_v": 1.4,
        "noise_rms_v": 0.24173849507267142,
        "gate_rms_v": 1.0072239075796403,
        "peak_abs_gate_v": 1.5,
        "snr_db": 12.395604231527717,
        "template_corr": 0.9897344262506121,
        "low_clip_ratio": 0.029296875,
        "ptp_v": 2.9
      }
    },
    {
      "row": 5903,
      "cluster": 2,
      "distance": 2.552162266102182,
      "metadata": {
        "timestamp": "2026-05-21T21:08:52.069Z",
        "sq": "99",
        "sq_age_ms": "994",
        "label": "good"
      },
      "features": {
        "baseline_v": 1.4,
        "noise_rms_v": 0.25592967784139453,
        "gate_rms_v": 1.0080457578899875,
        "peak_abs_gate_v": 1.6,
        "snr_db": 11.907191926956578,
        "template_corr": 0.997185110098119,
        "low_clip_ratio": 0.0283203125,
        "ptp_v": 3.0
      }
    },
    {
      "row": 5767,
      "cluster": 2,
      "distance": 2.518843293171378,
      "metadata": {
        "timestamp": "2026-05-21T21:03:55.109Z",
        "sq": "98",
        "sq_age_ms": "1042",
        "label": "good"
      },
      "features": {
        "baseline_v": 1.4,
        "noise_rms_v": 0.2547057125390006,
        "gate_rms_v": 1.0048631747655992,
        "peak_abs_gate_v": 1.5,
        "snr_db": 11.921364909855113,
        "template_corr": 0.9974488829254207,
        "low_clip_ratio": 0.0322265625,
        "ptp_v": 2.9
      }
    },
    {
      "row": 4416,
      "cluster": 0,
      "distance": 2.502831305718821,
      "metadata": {
        "timestamp": "2026-05-21T20:18:44.938Z",
        "sq": "99",
        "sq_age_ms": "954",
        "label": "good"
      },
      "features": {
        "baseline_v": 1.4,
        "noise_rms_v": 0.2692582403567252,
        "gate_rms_v": 1.0921881706006515,